Carl carl carl@gmail.com 77 0 1 carl
Zack zack zack@gmail.com 100 0 0 zack
Robert robert robert@gmail.com 100 0 0 robert
Mark mark mark@mark.com 100 0 0 mark
John john john@john.com 100 0 0 john
Jack jack jack@gmail.com 100 10 20 jack
test2 test2 test2@gmail.com 100 0 0 test2
Bob bob bob@gmail.com 1903 0 0 bob
Tester test test@gmail.com 6003 40 81 test